1_1,1_2,1_3,1_4,1_5,2_2,2_3,2_4,2_5,3_3,3_4,3_5,4_4,4_5,5_5,p1,p2,p3,p4,p5,p6,p7,p8,p9,p10,p11,p12,p13,p14,p15,go_x,go_y
35.4734131,35.26670319,33.85334396,36.1363147,35.16415276,35.05999328,33.64663405,35.92960479,34.95744285,32.23327483,34.51624556,33.54408363,36.7992163,35.82705436,34.85489242,12.5213855,11.41374075,11.62722686,14.49789406,10.9338663,9.704619323,11.76250767,12.88744224,8.074530089,13.21836706,12.95544937,10.69221758,10.50731928,13.57402842,10.7212214,2.8,2.2
39.00151185,37.65977545,37.82697103,35.50974138,39.5779518,36.31803905,36.48523463,34.16800498,38.2362154,36.65243021,34.33520056,38.40341098,32.01797091,36.08618133,40.15439176,14.68195474,13.83534062,10.18417801,14.44748851,13.24637089,8.489033611,11.86108754,14.87364918,9.650153849,10.2220627,10.02800719,11.82890122,14.95266837,13.49757985,11.3035895,2.8,2.2
37.31549475,34.08720061,36.04345194,36.47781497,34.7825161,30.85890647,32.8151578,33.24952083,31.55422196,34.77140913,35.20577216,33.51047329,35.64013519,33.94483632,32.24953745,13.08352845,13.86199002,10.31302906,10.48811199,10.67556232,10.35015963,13.42024629,12.99923013,8.535204771,11.8582234,11.79096895,11.97984609,10.20450723,13.56689784,8.716368085,2.8,2.2
35.45035827,36.57345362,37.66186525,33.97547209,35.41528845,37.69654898,38.78496061,35.09856745,36.53838381,39.87337224,36.18697908,37.62679544,32.50058591,33.94040227,35.38021864,14.82413485,10.82250354,9.759845749,14.30601588,14.65928531,8.224065856,13.93544962,14.50193495,11.05149817,10.7988245,10.34564213,11.56457272,14.81199404,12.13721259,8.360847607,2.8,2.2
35.64100697,36.27209033,35.63336096,35.48093409,35.21164668,36.90317368,36.26444432,36.11201745,35.84273003,35.62571495,35.47328808,35.20400066,35.32086121,35.05157379,34.78228638,11.78247297,12.21251862,11.68909725,14.49578596,10.33745506,11.72397001,13.43497194,10.71089074,11.47867598,11.90705804,14.54423343,8.750554499,13.0218435,13.14182939,8.845459094,2.8,2.2
27.83638238,32.35437637,30.77115822,29.77242637,31.23630669,36.87237036,35.2891522,34.29042035,35.75430068,33.70593405,32.7072022,34.17108252,31.70847035,33.17235067,34.63623099,10.57062807,10.51045051,8.016844625,13.69889085,11.15478891,11.87092489,12.72063447,10.92755958,10.46103307,13.50265118,10.7189405,8.014841452,13.31358587,10.0436444,11.30747006,2.8,2.2
33.02248273,35.68998225,34.28874252,35.21249899,34.37108616,38.35748178,36.95624204,37.87999852,37.03858568,35.5550023,36.47875878,35.63734595,37.40251526,36.56110242,35.71968959,11.29240677,12.32587618,9.897815432,13.69498645,12.86830679,11.63230857,14.05263243,12.82319424,8.750174564,13.5386157,13.45848631,10.37620624,13.27124638,12.59780875,10.06044873,2.8,2.2
31.24637189,33.82491013,33.06464718,30.45428109,33.43842644,36.40344837,35.64318541,33.03281933,36.01696467,34.88292246,32.27255637,35.25670172,29.66219029,32.64633563,35.63048098,11.46048591,10.68900157,9.849709395,14.05419895,13.67744543,8.538970404,10.3319449,14.96989111,9.187178934,10.01481507,12.17687747,8.268599799,13.71094406,12.57987787,9.517994998,2.8,2.2
34.66172602,36.28507458,32.06824393,35.73836525,35.59632929,37.90842314,33.69159249,37.36171381,37.21967785,29.47476185,33.14488316,33.0028472,36.81500448,36.67296852,36.53093256,12.54284592,11.28088936,11.08932886,13.34467595,13.49046305,10.98168428,11.88792759,10.37067129,8.236510139,14.66443001,12.82917052,9.2245419,13.52606038,14.21459733,8.615586923,2.8,2.2
33.09675856,31.82155066,35.16331291,35.25805606,30.93362079,30.54634275,33.888105,33.98284815,29.65841288,37.22986725,37.3246104,33.00017514,37.41935355,33.09491829,28.77048302,11.79443554,12.73917586,9.048467173,10.31133979,10.40579435,10.46491651,12.53667065,14.31906104,10.23920691,14.18221587,14.44916717,8.393751877,10.98149071,10.67531461,8.25635666,2.8,2.2
29.90317111,33.65522826,34.15310501,33.14125536,33.47081539,37.40728541,37.90516216,36.89331251,37.22287254,38.40303891,37.39118926,37.72074929,36.37933962,36.70889965,37.03845967,11.40823635,11.44102042,8.003231789,13.2984903,14.25687726,9.707711506,13.21849639,14.23618771,10.73701391,12.16868035,12.76148261,11.46939412,11.48301808,14.03266898,11.29402566,2.8,2.2
31.85049482,31.72672385,33.48159365,34.47702851,32.85794374,31.60295288,33.35782268,34.35325754,32.73417277,35.11269248,36.10812734,34.48904257,37.10356221,35.48447743,33.86539266,11.13526498,13.15639864,8.005884821,11.03362511,12.47249147,8.738992747,12.32845038,12.96473579,10.07741981,12.40648904,13.20804629,11.43271041,11.73715704,10.23484305,11.92831615,2.8,2.2
35.00019575,36.1234956,33.48780034,34.92251752,36.15065431,37.24679546,34.61110019,36.04581738,37.27395416,31.97540493,33.41012211,34.6382589,34.8448393,36.07297608,37.30111287,10.03649137,14.928669,9.584758925,13.4285562,14.97020286,8.413480559,11.90459497,11.40283106,9.381944412,11.22679056,13.94722615,9.722786899,12.64149671,14.35603187,10.15967946,2.8,2.2
32.6025138,34.58344775,33.50932318,36.19978404,31.43258979,36.5643817,35.49025713,38.18071799,33.41352374,34.41613256,37.10659342,32.33939917,39.79705428,35.02986003,30.26266579,10.63432433,13.75665374,8.414160271,14.33902414,13.24355504,8.895466053,12.22824683,12.29070399,10.26661578,14.01002059,14.50769212,10.89988694,11.85495491,10.45475065,8.878294798,2.8,2.2
37.05910667,37.38718479,35.55609092,35.14632582,36.12981032,37.71526292,35.88416904,35.47440395,36.45788845,34.05307517,33.64331007,34.62679458,33.23354497,34.21702948,35.20051398,13.35220918,14.57873695,8.87480139,12.19246732,14.89635359,10.30506804,13.38497842,10.64480853,10.32213267,10.99980539,11.45354068,11.10190544,12.3607502,14.18333427,8.646432886,2.8,2.2
34.9709511,36.26024315,36.76864512,35.68213969,37.50871229,37.5495352,38.05793717,36.97143174,38.79800434,38.56633914,37.47983372,39.30640631,36.39332829,38.21990088,40.04647348,11.87820833,11.93676882,11.33681267,13.00397391,14.06025908,10.37810529,14.6675622,11.90955896,11.69299196,14.7095487,11.5868481,10.0582463,13.40364408,14.46587851,11.74908363,2.8,2.2
34.80861776,35.88139176,35.28177146,34.94185746,34.44227314,36.95416576,36.35454546,36.01463146,35.51504713,35.75492516,35.41501116,34.91542684,35.07509715,34.57551283,34.07592851,11.15351705,12.28886892,11.46051676,14.39285958,13.750434,8.578792037,11.84982388,14.49974911,9.296264186,14.85809147,10.45066124,9.70023862,10.20495714,14.43825301,9.256565182,2.8,2.2
40.72844612,39.17891166,37.64369728,39.34285183,36.82362777,37.62937719,36.09416282,37.79331736,35.2740933,34.55894844,36.25810299,33.73887892,37.95725754,35.43803347,32.91880941,14.8207912,14.90096068,10.43492969,13.36756007,14.55378674,9.471173859,11.5506619,14.66105138,8.168741894,13.15909801,12.93322338,11.73351415,11.41897271,12.35219279,9.672553651,2.8,2.2
32.76598531,34.49828826,30.59598842,36.54057806,32.71820203,36.23059122,32.32829138,38.27288101,34.45050499,28.42599154,34.37058117,30.54820515,40.31517081,36.49279478,32.67041876,12.43100121,12.28087447,8.603617497,12.24741222,12.96726859,11.08946638,10.50195744,10.92947724,8.153853531,14.49940699,13.56874716,11.8407649,11.33720642,13.11944174,8.644128874,2.8,2.2
31.31674762,33.25600856,32.78415252,32.28148096,32.88454302,35.1952695,34.72341346,34.2207419,34.82380396,34.25155742,33.74888586,34.35194792,33.2462143,33.84927636,34.45233842,10.56816692,12.98878785,8.272986755,11.05811289,14.14752125,9.936652171,14.41343548,11.40265375,8.586709307,13.86601201,10.85344276,8.887575484,14.88402509,10.72586674,8.833280231,2.8,2.2
33.64499364,35.60673564,36.22527921,32.84189825,32.97499641,37.56847764,38.18702121,34.80364025,34.93673841,38.80556478,35.42218382,35.55528198,32.03880287,32.17190103,32.30499919,14.28061645,10.24442452,9.299412852,11.85902076,14.68894588,10.71484959,14.40980596,12.2882579,11.82824681,11.00922748,10.19343714,11.19530121,11.80067793,11.39974547,9.759903855,2.8,2.2
35.93796875,34.75034338,36.80044383,34.34280846,37.12012973,33.56271801,35.61281847,33.1551831,35.93250436,37.66291892,35.20528355,37.98260482,32.74764818,35.52496945,38.30229071,13.80789698,13.51009774,8.59024404,10.4781184,12.60037064,10.70013076,12.55654527,13.22288184,11.74435038,11.31771828,12.55784251,9.39498213,12.99569241,13.51068198,11.61390106,2.8,2.2
39.93534438,37.68949742,37.92495641,40.48751413,36.14889895,35.44365047,35.67910946,38.24166718,33.903052,35.91456845,38.47712617,34.13851099,41.03968389,36.70106871,32.36245353,13.78338302,14.77226552,10.9549701,13.94606354,10.7518271,10.80252797,10.22686335,14.20735096,11.09636338,14.26966008,14.52515873,11.73035691,13.0625504,10.4891504,9.370279852,2.8,2.2
34.23660001,35.14871915,35.91546653,34.68173749,32.25728778,36.06083829,36.82758566,35.59385663,33.16940692,37.59433304,36.360604,33.93615429,35.12687497,32.70242526,30.27797555,11.90480429,12.69765364,9.996899627,12.91425195,11.51335255,11.66444967,11.76811379,14.65037886,10.85792202,14.97233927,11.04345034,9.061008717,10.0268009,10.54296695,10.36133206,2.8,2.2
37.65514338,36.39999887,36.18484817,39.08759554,35.57426165,35.14485436,34.92970366,37.83245102,34.31911714,34.71455296,37.61730033,34.10396644,40.52004769,37.00671381,33.49337992,13.85214418,11.98732022,11.68485891,13.26750283,12.05002598,10.10933082,13.27048144,11.2126883,10.50787871,14.62805626,14.59564214,10.8126642,11.70662108,10.42097676,11.55591912,2.8,2.2
38.21529831,34.30757733,35.01390462,37.55743672,37.52866255,30.39985634,31.10618364,33.64971573,33.62094156,31.81251093,34.35604303,34.32726886,36.89957513,36.87080096,36.84202679,14.73650058,11.5270032,11.64599593,11.37780798,10.98134786,8.963646378,10.28823418,10.17153669,11.54945516,11.18898794,14.4466127,10.95627765,12.91933114,11.85663194,11.98675649,2.8,2.2
36.3959886,35.54230332,37.03433166,38.09646248,36.20443266,34.68861805,36.18064638,37.2427772,35.35074738,37.67267471,38.73480554,36.84277572,39.79693636,37.90490654,36.01287672,13.12510504,14.75286704,8.184420058,11.27625243,14.50583054,8.805948842,12.64745555,14.36328262,10.48283264,14.53156311,14.80015005,9.977759346,12.70454334,12.28983993,11.15020062,2.8,2.2
37.46653787,37.12386436,35.73236682,37.10171192,36.79274197,36.78119084,35.38969331,36.75903841,36.45006846,33.99819577,35.36754088,35.05857092,36.73688598,36.42791603,36.11894607,14.51927921,14.12301646,8.451954709,14.33910988,13.44873116,8.861658456,10.38459059,14.75581444,8.590392213,14.81857485,10.28468114,11.29564019,12.825718,12.45228729,10.97816698,2.8,2.2
36.66715188,36.3945822,37.46895083,36.06600124,34.65969627,36.12201252,37.19638115,35.79343156,34.38712659,38.27074978,36.86780019,35.46149522,35.4648506,34.05854563,32.65224067,13.78606233,12.48539466,10.47077352,14.07938021,13.21143648,8.816110026,13.90240653,14.51782327,9.548317726,12.48646516,12.53758906,10.66515598,10.48075895,13.20680771,9.295070251,2.8,2.2
34.77825389,34.54681011,33.7905898,36.03410537,32.70453804,34.31536632,33.55914602,35.80266158,32.47309425,32.80292571,35.04644128,31.71687395,37.28995685,33.96038951,30.63082218,13.8912359,12.60071221,8.437500087,13.02705039,11.47445813,10.18714671,11.87545166,12.81108084,8.605180093,12.33528879,14.36941996,10.42202984,10.31482627,10.87051801,10.1445217,2.8,2.2
35.12886878,35.74623037,33.3000165,34.85220681,33.79938508,36.36359196,33.91737809,35.4695684,34.41674667,31.47116423,33.02335453,31.9705328,34.57554484,33.52272311,32.46990138,10.24593838,13.36505236,11.33176786,14.52469173,12.07503401,9.777167901,10.84202479,11.10331993,10.18161461,10.84640088,14.06452979,9.662061942,10.63846804,10.2675797,11.70667333,2.8,2.2
37.40159497,35.52930015,34.95826054,34.80136416,36.00328914,33.65700532,33.08596572,32.92906934,34.13099432,32.51492611,32.35802973,33.55995471,32.20113336,33.40305833,34.60498331,11.31408898,13.85222566,11.89351725,11.66963632,12.75436183,9.650569921,10.06769646,11.56316362,11.12730247,11.08014048,10.2529995,11.21680526,13.21817994,10.1792809,11.27691537,2.8,2.2
32.30195564,34.03548557,34.2671756,34.10431912,33.07849641,35.7690155,36.00070553,35.83784906,34.81202634,36.23239555,36.06953908,35.04371637,35.90668261,34.8808599,33.85503718,13.41578675,10.87402524,8.539346715,10.16635905,14.28792264,10.93043906,14.20278418,13.70556485,8.111418631,14.2725679,13.25560961,8.275031474,12.30466785,10.74407037,11.09959622,2.8,2.2
32.86703337,35.08287572,33.09600832,36.66460119,32.3604037,37.29871808,35.31185068,38.88044354,34.57624606,33.32498328,36.89357614,32.58937866,40.46216901,36.15797152,31.85377403,12.66182294,12.5332082,8.125867775,14.68489377,13.74921468,8.55356843,11.350804,13.98168304,8.10643715,14.34386726,13.79575048,11.89850745,10.46783525,12.81077029,9.070919829,2.8,2.2
40.51054256,36.25386895,36.90526123,35.48057423,36.54427747,31.99719534,32.64858762,31.22390062,32.28760386,33.29997989,31.8752929,32.93899614,30.45060591,31.51430914,32.57801238,14.51616153,14.39676946,11.14658639,13.57277196,10.88687361,8.02749889,11.40703185,10.89889383,11.29027963,11.66401365,10.59926404,9.093485342,13.28922907,10.79385352,9.025158049,2.8,2.2
34.94987341,34.82864816,35.22728175,33.74333028,35.973852,34.70742291,35.1060565,33.62210503,35.85262675,35.5046901,34.02073862,36.25126034,32.53678715,34.76730887,36.99783058,13.15788018,11.68800384,10.39545642,14.76341921,10.12924602,9.754740361,12.71356194,12.16260658,10.84497646,11.94199704,11.85034354,9.378453457,14.39059567,12.71244941,9.866932976,2.8,2.2
34.95794714,33.73442216,34.48461954,37.82001544,35.30455604,32.51089718,33.26109456,36.59649046,34.08103106,34.01129194,37.34668784,34.83122844,40.68208374,38.16662434,35.65116494,14.58163183,11.5427675,8.911810358,11.9101428,11.58268148,9.654542726,10.34601159,14.26001538,9.316959434,14.06450275,14.16449011,11.98832509,13.09905344,11.48354607,11.20252922,2.8,2.2
38.59266506,34.28235096,35.84180311,34.89064947,35.91697496,29.97203686,31.531489,30.58033537,31.60666086,33.09094115,32.13978751,33.16611301,31.18863388,32.21495937,33.24128486,14.63054348,12.25721603,11.45596332,12.26888801,10.53698175,8.087993792,10.30167187,13.86266314,9.025508536,11.34712205,12.37142523,8.165263871,10.00106378,12.70259638,10.68110035,2.8,2.2
36.79157005,34.24065899,36.03447348,36.78383212,35.0422901,31.68974792,33.48356241,34.23292105,32.49137904,35.27737691,36.02673554,34.28519353,36.77609418,35.03455217,33.29301016,12.00779537,13.28637168,11.43301247,11.46021849,11.17274471,9.774993552,12.40166161,14.14491363,8.732151121,12.25282226,14.78198697,9.510942695,10.41536371,11.45444475,11.55281867,2.8,2.2
34.14626985,33.38176312,35.00329375,37.02711942,34.95933226,32.61725639,34.23878702,36.26261269,34.19482553,35.86031764,37.88414331,35.81635616,39.90796899,37.84018183,35.77239467,12.39330141,13.33819001,8.683388022,11.70481811,13.15430033,8.165713217,14.36535582,11.87948298,9.697460971,13.58074077,14.60743555,11.31338449,13.81998018,13.19755878,8.805100386,2.8,2.2
28.36477521,32.40894073,31.39406953,31.55958828,29.99441685,36.45310625,35.43823506,35.6037538,34.03858237,34.42336386,34.58888261,33.02371118,34.75440135,33.18922992,31.62405849,10.40680343,10.87174793,8.250905861,14.21058394,13.55635714,8.54628372,14.45466289,10.12104902,9.882702583,13.45182014,13.17734674,8.246434953,12.58853414,10.07606946,9.600645714,2.8,2.2
38.55557339,34.39094211,36.43859451,37.66061207,36.40723798,30.22631082,32.27396322,33.49598079,32.24260669,34.32161563,35.54363319,34.2902591,36.76565076,35.51227666,34.25890257,13.35631341,14.48411062,10.45456519,10.48878567,10.01544099,10.40235183,13.37622587,12.79571329,8.388541652,11.6302355,13.15456374,11.83016243,11.5068626,13.43351116,9.561217081,2.8,2.2
28.54132859,31.78588768,31.883576,30.07676986,33.06119052,35.03044678,35.12813509,33.32132895,36.30574962,35.22582341,33.41901727,36.40343793,31.61221112,34.59663179,37.58105245,10.12197461,10.13742504,9.329406787,14.07612127,10.58072063,10.45923809,10.03211925,13.20259554,11.69846149,13.45375351,10.29212959,8.417122303,14.23679802,13.68891258,9.502021608,2.8,2.2
35.3314053,34.76844221,35.18847039,33.38710546,36.29266695,34.20547912,34.6255073,32.82414237,35.72970386,35.04553548,33.24417055,36.14973205,31.44280562,34.34836712,37.25392861,12.89650116,13.1212697,9.532239113,11.33949964,13.01445937,10.13055353,12.2775475,11.4215418,11.4972453,10.71233982,10.37344891,10.85136479,14.74264299,10.75004665,11.45573131,2.8,2.2
35.1777831,37.22825181,35.09676289,34.56554354,32.78554474,39.27872052,37.1472316,36.61601225,34.83601345,35.01574269,34.48452334,32.70452454,33.95330398,32.17330519,30.39330639,12.57041905,11.08123951,11.6203099,14.14623061,13.20137238,11.65921644,14.35635898,11.935383,8.84298841,10.75477421,11.45153689,11.80412408,11.38154615,11.48211487,8.434315468,2.8,2.2
30.14137972,32.22420009,31.62537442,32.51345323,34.95634803,34.30702046,33.70819478,34.5962736,37.0391684,33.10936911,33.99744792,36.44034272,34.88552673,37.32842153,39.77131634,11.94053442,10.72532883,8.419922323,12.05114731,12.28522971,10.34153414,11.63040457,13.19525741,8.670977469,13.33020288,12.95532791,8.814065045,14.12548584,14.00191797,11.30873572,2.8,2.2
37.29780944,36.59637823,38.17491582,38.16274122,37.04476591,35.89494703,37.47348461,37.46131001,36.3433347,39.0520222,39.0398476,37.92187229,39.02767299,37.90969769,36.79172238,12.98375518,14.67511099,9.404487419,11.24681707,13.48952329,11.10449238,13.40522891,14.91890579,10.34522426,14.80511863,14.69168602,8.979127001,12.97881736,13.06836876,10.80175664,2.8,2.2
29.72345977,32.51399194,34.37918548,33.16492333,29.78809023,35.30452411,37.16971765,35.9554555,32.5786224,39.03491119,37.82064904,34.44381593,36.60638688,33.22955378,29.85272068,10.19933618,10.42910816,9.919809383,14.63263694,12.46742069,8.13456398,13.34555717,14.16915385,11.24551701,13.0181282,12.19164789,11.43519649,10.83140066,11.04331631,8.949223045,2.8,2.2
34.69924017,35.52857947,36.68546955,35.17927738,34.78573958,36.35791877,37.51480885,36.00861668,35.61507888,38.67169893,37.16550676,36.77196896,35.65931458,35.26577679,34.872239,10.82145132,14.8922664,8.693216294,13.42236309,12.88510517,10.17194644,12.35734912,14.67972639,11.26004358,10.30879166,14.45049875,10.55651493,11.22690786,14.04773405,9.624795328,2.8,2.2
36.58867481,36.00151382,32.56521035,35.75705682,35.36228927,35.41435282,31.97804935,35.16989582,34.77512828,28.54174589,31.73359235,31.33882481,34.92543882,34.53067127,34.13590373,13.98912915,11.85947954,10.77871166,12.84484857,12.81864333,9.994474845,10.97782318,10.36286683,8.375477768,10.16664519,13.42777597,11.1631606,12.75337923,11.19808336,10.54892026,2.8,2.2
34.45768352,34.88732431,34.10845115,33.45713193,35.03569966,35.3169651,34.53809194,33.88677273,35.46534045,33.75921878,33.10789956,34.68646729,32.45658035,34.03514808,35.6137158,11.15319497,13.7542067,9.67250896,14.67680217,10.62047831,9.992953583,11.95468262,12.19152556,10.06391654,11.21734942,12.75917663,9.000523297,14.89727672,11.93652145,8.714369418,2.8,2.2
30.4785413,32.9450712,32.799095,30.46221237,32.8803735,35.4116011,35.2656249,32.92874227,35.3469034,35.1196487,32.78276607,35.20092719,30.44588344,32.86404456,35.28220569,12.4000384,10.35599537,8.57638457,12.53566027,11.65098914,11.37502073,13.75930134,10.04328585,11.25717604,10.70650665,11.06065205,9.524387251,13.46820503,10.87116846,11.05480659,2.8,2.2
35.40884465,35.59227405,36.98587366,34.10226161,32.25488097,35.77570346,37.16930307,34.28569101,32.43831037,38.56290268,35.67929062,33.83190998,32.79567857,30.94829793,29.10091729,13.12812484,10.63915868,11.64289517,14.13549095,13.1109727,8.510731996,13.3005978,14.80995869,10.12426557,14.15930272,10.0861664,8.812704153,11.22773198,10.62073411,8.353467394,2.8,2.2
34.37282334,35.08739516,34.28843413,35.49437267,35.50013998,35.80196698,35.00300595,36.20894449,36.2147118,34.20404491,35.40998345,35.41575077,36.61592199,36.62168931,36.62745662,11.18559442,13.03115479,10.3798188,13.89994531,10.90714771,11.01916526,14.52538308,10.6573732,9.136049588,14.49515344,10.27112205,11.54390795,14.20991017,13.46381277,8.850599782,2.8,2.2
33.99669876,35.69836753,38.11659549,33.53954398,33.54548627,37.40003631,39.81826426,35.24121275,35.24715504,42.23649222,37.65944071,37.665383,33.0823892,33.08833149,33.09427377,13.03154833,12.35782558,9.004325618,14.51603243,10.55761161,11.94050213,14.83677166,14.87010172,11.85600983,11.99209577,12.34473135,9.28444506,13.12503283,11.3327104,9.153962909,2.8,2.2
34.80948365,35.10708768,32.51451924,35.92221101,36.17600101,35.4046917,32.81212327,36.21981504,36.47360504,30.21955483,33.6272466,33.8810366,37.03493837,37.28872837,37.54251837,12.61840399,12.87359039,9.622808803,13.81108126,13.5101928,8.013031692,11.45532561,10.82721005,8.886054182,13.65216608,13.34495128,10.04575619,12.44693471,13.28439194,11.68045707,2.8,2.2
36.91442254,33.89508562,36.5837855,36.75078887,35.42838938,30.87574869,33.56444857,33.73145195,32.40905246,36.25314845,36.42015183,35.09775234,36.58715521,35.26475571,33.94235622,14.37061877,12.89469724,9.61316182,10.79213759,12.21437796,8.611964648,12.80679299,13.8826898,9.589136885,11.49581167,14.46296454,10.42389283,12.77477756,12.9501167,8.541644464,2.8,2.2
39.69257244,36.61139073,37.10681743,37.94479429,37.36566429,33.53020902,34.02563572,34.86361258,34.28448258,34.52106242,35.35903928,34.77990928,36.19701615,35.61788615,35.03875615,14.73213261,14.89860206,9.499725989,13.19346719,11.94328995,8.83814855,13.05913786,10.30402746,11.2694617,13.75770436,13.35648337,9.111398825,11.64149394,14.08873763,9.349572754,2.8,2.2
34.91763232,34.78213484,33.56417163,35.46967742,33.94054289,34.64663736,33.42867415,35.33417994,33.80504542,32.21071093,34.11621673,32.5870822,36.02172252,34.49258799,32.96345347,12.44958415,13.36155719,9.333564616,13.32874103,13.01019516,8.507800126,10.28579651,10.61494336,11.51234353,11.91950018,12.08182189,11.98229677,11.27983253,12.24510596,9.941609659,2.8,2.2
33.64929257,35.17293624,34.62020864,33.95200136,33.84551331,36.69657991,36.14385232,35.47564503,35.36915699,35.59112472,34.92291743,34.81642939,34.25471014,34.1482221,34.04173406,13.13447828,12.12760755,8.815321303,14.79722191,10.50922197,11.12129674,13.40098595,12.57269347,9.834041221,10.8365459,14.15806425,9.260935217,11.59472796,12.4737009,10.3350735,2.8,2.2
33.0824311,34.25900551,32.89330066,31.21003916,33.96771543,35.43557991,34.06987506,32.38661356,35.14428984,32.70417022,31.02090871,33.77858499,29.33764721,32.09532348,34.85299976,13.78013391,11.01212958,8.68302041,11.81419991,14.56019486,8.938112992,10.00321969,11.82844199,11.08139965,12.04650191,10.00516134,8.291926496,13.03547258,13.13024557,8.913345651,2.8,2.2
36.73018234,35.3811709,36.91816869,34.62515509,35.64801806,34.03215947,35.56915726,33.27614366,34.29900662,37.10615504,34.81314145,35.83600441,32.52012785,33.54299081,34.56585378,14.43079543,12.60692438,9.679726042,12.23798182,13.7124437,8.242275707,13.170443,13.60298973,10.32678182,13.0898637,11.01197891,8.992074929,11.37989862,12.07176776,11.29748214,2.8,2.2
37.27210538,36.35166521,35.86828473,36.74407035,35.20246495,35.43122504,34.94784455,35.82363018,34.28202478,34.46446407,35.3402497,33.7986443,36.21603533,34.67442993,33.13282453,12.81479505,13.69394535,10.71893467,14.38227426,12.7023649,8.330316998,11.50387322,14.32177178,8.617137619,14.77555055,12.96059634,8.288308586,12.95075327,10.0529739,10.47563957,2.8,2.2
36.54002702,35.08126305,35.46115651,37.84135273,35.64316178,33.62249908,34.00239254,36.38258876,34.18439781,34.382286,36.76248223,34.56429127,39.14267845,36.9444875,34.74629655,12.30407986,14.18571463,9.990420635,10.50171406,14.52011696,8.456738717,12.63474799,12.59036137,9.531711297,14.79715718,14.37960577,9.526948198,13.99897246,11.37271503,9.605758471,2.8,2.2
36.77498636,34.83385659,37.56245278,36.64703856,35.12007902,32.89272683,35.62132301,34.70590879,33.17894925,38.3499192,37.43450498,35.90754544,36.51909076,34.99213122,33.46517168,11.55884951,14.07939816,10.96641966,10.69041185,11.0675241,11.38381688,14.60985648,14.71090067,8.466624475,14.81929317,11.13016988,10.44986388,12.61615705,11.65933788,9.702753037,2.8,2.2
35.28312828,32.74339454,33.89060458,36.30970512,35.19395453,30.2036608,31.35087084,33.76997138,32.6542208,32.49808088,34.91718142,33.80143084,37.33628196,36.22053138,35.10478079,13.69931581,13.30669902,8.310892677,12.49210094,10.22474365,8.350565864,10.326427,12.56795803,9.99448139,12.58081191,13.8703205,10.79994562,10.84183969,12.28851891,11.90113479,2.8,2.2
37.67409331,35.92286473,35.04100962,37.24236946,36.77256131,34.17163615,33.28978104,35.49114089,35.02133273,32.40792592,34.60928577,34.13947761,36.81064562,36.34083746,35.8710293,13.9673853,14.83839481,8.390161432,12.7633239,10.08251475,11.42468019,11.09521566,13.0531764,8.715869137,11.56420924,14.99891273,9.906178727,12.82712261,13.93418589,9.13500846,2.8,2.2
36.36762474,35.40920238,37.22416004,35.17479308,35.42476517,34.45078003,36.26573769,34.21637073,34.46634281,38.08069535,36.03132839,36.28130047,33.98196142,34.23193351,34.4819056,13.32657909,12.17609618,10.96903232,14.14663752,10.83936201,9.660709189,14.26131549,12.15648949,11.49092702,11.62020342,13.07880731,9.620238486,14.51159661,10.35367029,9.675051378,2.8,2.2
34.77251975,36.97236955,35.20929768,32.95735005,34.52537887,39.17221934,37.40914748,35.15719985,36.72522867,35.64607561,33.39412799,34.9621568,31.14218036,32.71020918,34.278238,12.7084116,11.71316568,10.65856888,14.7503106,13.77743602,10.3328962,14.8563654,11.3586847,9.403362401,12.64237516,10.4831433,8.7735989,10.91052355,14.69229957,8.480050673,2.8,2.2
29.07987602,32.52590689,30.14749068,31.55597878,31.66987731,35.97193776,33.59352155,35.00200965,35.11590818,31.21510533,32.62359343,32.73749197,34.03208154,34.14598007,34.25987861,10.60932303,11.30675118,8.215312182,13.0435272,13.26006621,9.810207056,10.00534361,11.27676727,10.45423453,13.54166863,11.93956062,8.905232014,10.85921621,12.29061928,11.2544772,2.8,2.2
36.91368937,36.87054431,37.92906473,37.10107119,35.68686363,36.82739925,37.88591967,37.05792613,35.64371857,38.94444009,38.11644655,36.70223899,37.28845301,35.87424545,34.46003789,11.90931811,13.20943981,11.68193795,11.81604331,14.85816961,9.876539825,14.42635289,13.04208404,11.24475369,12.61069209,12.80406492,11.78606423,12.85346836,13.47913612,8.281450071,2.8,2.2
32.60997698,36.42338989,32.45708397,33.51359707,33.70440164,40.23680281,36.27049688,37.32700999,37.51781456,32.30419096,33.36070406,33.55150863,34.41721717,34.60802173,34.7988263,12.29429371,11.37511673,9.567040788,14.32934065,14.21810189,11.28670042,13.85246164,10.82664729,8.01961573,12.83107488,12.36853538,9.597636919,12.8898277,13.5238666,8.526722703,2.8,2.2
37.61741893,34.83273389,33.39579501,36.53274306,35.62835751,32.04804885,30.61110997,33.74805802,32.84367247,29.17417109,32.31111914,31.40673359,35.44806719,34.54368164,33.6392961,14.86376365,11.91903365,10.66646817,10.42632298,11.48779657,10.59931089,10.06302661,11.0250971,9.063617949,13.59767512,13.60232316,8.218187477,10.612418,14.24394301,8.764138416,2.8,2.2
35.40784991,32.28953753,33.97429658,35.31563009,34.28947374,29.17122515,30.8559842,32.19731771,31.17116136,32.54074325,33.88207676,32.85592041,35.22341027,34.19725392,33.17109758,13.69717249,12.57962705,9.324373044,10.27576288,10.02348662,9.779883464,11.77233956,12.36375039,8.995570775,12.55068038,13.83767058,8.925301871,12.01035825,12.26308858,9.433131923,2.8,2.2
37.6754586,36.76058499,35.96978062,37.48230413,35.67004504,35.84571138,35.05490701,36.56743052,34.75517143,34.26410264,35.77662615,33.96436706,37.28914966,35.47689057,33.66463148,12.18780176,14.84706209,10.33349136,12.75523511,12.47712775,10.79364142,12.4765298,12.55946468,9.620470108,12.15164065,13.33163018,11.67278019,11.14065366,10.98499899,11.68692185,2.8,2.2
39.47357513,35.9805159,39.4482381,38.8446849,35.87392336,32.48745667,35.95517887,35.35162567,32.38086413,39.42290107,38.81934787,35.84858633,38.21579467,35.24503314,32.2742716,13.1511557,14.29948696,11.6617655,11.90822759,10.41876157,10.64663602,12.92583175,14.53680175,11.56771957,14.9351421,12.32421376,10.74012862,10.16189172,12.87696289,9.602716576,2.8,2.2
33.37450985,35.16381383,34.8295632,34.29223696,34.31400006,36.9531178,36.61886717,36.08154093,36.10330404,36.28461654,35.74729031,35.76905341,35.20996407,35.23172717,35.25349027,10.45538191,11.47123189,11.57168371,11.987266,14.85604842,9.838791116,11.98658941,12.48595516,11.78766519,11.46382956,13.73948511,10.08532266,12.41542451,10.87665558,11.95664684,2.8,2.2
36.4897607,37.67916587,35.11418628,35.47850143,37.03951999,38.86857104,36.30359145,36.66790659,38.22892516,33.73861186,34.10292701,35.66394557,34.46724215,36.02826071,37.58927928,12.11242414,13.78132841,10.58429251,14.51657991,14.45058539,9.504544513,10.96755411,10.84576099,11.96308319,12.49792058,11.6944255,10.6209188,14.60249769,11.15365246,11.56596883,2.8,2.2
39.85272908,40.18482592,40.81250491,36.14667809,37.39206482,40.51692275,41.14460174,36.47877492,37.72416165,41.77228074,37.10645392,38.35184064,32.4406271,33.68601382,34.93140055,14.80911507,14.19554993,10.43781304,14.8988929,13.67653817,11.50265706,14.57184018,14.80229094,11.78290716,11.00496071,10.14468611,11.51777557,11.30305713,14.32408253,9.260417287,2.8,2.2
30.90716692,36.35154828,33.38975338,34.27115161,32.58121042,41.79592965,38.83413474,39.71553298,38.02559179,35.87233984,36.75373807,35.06379689,37.63513631,35.94519512,34.25525393,10.50266528,10.64238447,10.40232348,14.97997484,14.32500691,11.88937989,11.21292734,12.84575644,11.73016261,14.79017074,12.93495526,9.75179022,14.43831766,11.35281812,8.609941233,2.8,2.2
34.39221993,36.23367471,35.01074105,34.77177032,34.44182599,38.07512949,36.85219583,36.6132251,36.28328077,35.62926217,35.39029144,35.06034711,35.15132071,34.82137639,34.49143206,13.50814727,12.79347827,8.295781953,14.49532075,14.68330768,8.355559414,11.11913071,12.96070284,11.50479984,14.0550149,12.18171915,9.088110875,13.08187489,10.25882474,11.25846854,2.8,2.2
32.38131344,31.13021226,33.96577133,33.69438479,32.52453445,29.87911109,32.71467016,32.44328361,31.27343327,35.55022923,35.27884269,34.10899234,35.00745614,33.8376058,32.66775546,11.16290538,11.05976587,10.66319499,10.38152968,10.70902838,9.659563317,13.02404389,12.4478445,10.31529491,13.16323215,13.28739276,8.720873664,13.08415168,11.16259,8.983527505,2.8,2.2
32.48228698,35.5453556,34.23568256,36.14380924,35.52996842,38.60842421,37.29875118,39.20687785,38.59303703,35.98907814,37.89720482,37.283364,39.80533149,39.19149068,38.57764986,10.24220778,10.94346745,11.48651654,14.63033658,13.70892408,10.01201317,13.47942655,14.24275221,8.045210014,14.08991908,14.62180596,10.69357599,12.90741279,13.71828916,11.71443506,2.8,2.2
31.60701267,33.3878395,34.11664685,31.089202,33.18916477,35.16866634,35.89747369,32.87002884,34.9699916,36.62628104,33.59883619,35.69879895,30.57139134,32.6713541,34.77131687,12.22896595,10.62553197,9.479231232,12.40700008,13.77505532,9.106723712,13.691953,13.00096806,10.00377751,12.58180056,10.73806658,8.0666157,10.06880122,12.72600723,11.77407406,2.8,2.2
33.6909393,35.74774584,33.36111024,33.93595405,31.98944611,37.80455237,35.41791677,35.99276058,34.04625265,33.03128117,33.60612498,31.65961705,34.18096879,32.23446085,30.28795292,11.76941273,10.29150345,11.74082854,13.59746235,13.37498135,10.76246457,10.94203056,11.85742535,10.63991814,13.55620736,10.56190988,10.3182907,10.99700414,11.66637412,8.516860174,2.8,2.2
31.53243128,32.66015589,33.33985275,32.83951816,34.07110037,33.78788051,34.46757736,33.96724277,35.19882498,35.14727422,34.64693963,35.87852184,34.14660503,35.37818724,36.60976945,10.81297825,10.17324859,10.9905888,10.44878222,13.99051107,9.374710478,12.69064141,13.28993826,9.381961579,10.66933036,13.00514987,10.62167759,14.87313579,11.61316884,10.03496136,2.8,2.2
38.39245515,37.00430345,38.59668152,38.1641972,34.72456817,35.61615176,37.20852982,36.7760455,33.33641648,38.80090789,38.36842357,34.92879454,37.93593924,34.49631022,31.0566812,13.68956648,14.86834524,9.45650695,11.28203162,13.25116728,11.09298914,13.53664556,14.89077763,10.00231065,13.33123723,14.04728202,10.4172368,10.10114492,12.99897848,8.438288231,2.8,2.2
35.08926673,37.12766616,35.17448761,34.39704507,35.95850259,39.16606559,37.21288704,36.4354445,37.99690202,35.25970849,34.48226595,36.04372347,33.70482341,35.26628094,36.82773846,12.50703223,14.19282438,8.352236133,11.82561257,14.91930774,11.84283335,12.42534029,11.5117221,11.46544446,12.63269075,13.15845414,8.199649738,12.12034969,13.10703148,11.54289071,2.8,2.2
35.98429139,35.75000723,34.50579368,35.68590687,32.41647885,35.51572307,34.27150952,35.45162271,32.18219469,33.02729598,34.20740917,30.93798114,35.38752236,32.11809433,28.8486663,13.67356462,13.73930208,8.504552115,14.01035951,10.87753933,10.69438157,12.29622888,11.93343944,9.369224272,13.56132943,11.61599228,10.42123135,10.66210671,10.03525338,9.211811409,2.8,2.2
33.89322379,33.38123681,34.94229756,32.69711342,36.16247287,32.86924983,34.43031058,32.18512644,35.65048589,35.99137134,33.7461872,37.21154665,31.50100306,34.96636251,38.43172196,10.01181938,11.99063115,11.80342567,12.40215352,12.84875213,8.031165658,13.59327121,10.22769034,11.95433759,10.32153516,11.15878804,10.54727093,12.74164168,14.95415054,10.38001532,2.8,2.2
38.63631468,37.00389431,35.5211344,36.30479198,37.78225822,35.37147394,33.88871403,34.67237161,36.14983785,32.40595411,33.18961169,34.66707793,33.97326928,35.45073552,36.92820175,14.4278466,14.49473652,9.317931124,13.14783313,13.09926843,9.322745802,11.34501176,11.98734,9.681281696,13.47827101,11.80320241,9.071867944,12.30419999,12.52920529,11.99586269,2.8,2.2
34.04754247,34.9751801,33.72554242,35.63559408,33.48178423,35.90281773,34.65318005,36.56323171,34.40942186,33.40354237,35.31359403,33.15978418,37.22364569,35.06983584,32.91602599,14.87778816,11.05837031,8.091050338,14.96202077,10.61317592,10.17628626,13.96883303,10.72255278,9.031745316,14.93740514,12.28998131,9.862840528,10.42008706,12.66802746,10.15976703,2.8,2.2
30.42841316,33.11912505,33.47906491,34.36118993,32.47556217,35.80983693,36.16977679,37.05190181,35.16627405,36.52971665,37.41184167,35.52621391,38.29396669,36.40833893,34.52271117,12.52449389,10.1151866,8.617199177,11.86100302,12.25384152,11.72197083,11.47861858,14.41358623,10.44580971,13.64278656,12.54395974,11.91819817,12.76990076,13.06750665,8.969547072,2.8,2.2
33.66354547,34.42392816,34.12018279,33.72089502,34.71273798,35.18431084,34.88056547,34.4812777,35.47312066,34.5768201,34.17753233,35.16937529,33.77824456,34.77008752,35.76193048,14.27378643,11.53372507,8.033826903,10.81644411,13.05313972,11.28848592,11.90577229,14.11905095,8.597107512,12.74426476,12.82279906,8.573808368,14.66024424,12.56770083,8.460159814,2.8,2.2
32.87524899,34.16217494,31.32033009,35.41029657,35.57513552,35.44910089,32.60725604,36.69722252,36.86206147,29.7654112,33.85537767,34.02021663,37.94534415,38.11018311,38.27502206,11.85244663,13.12581401,8.299114247,11.93911345,13.23485715,10.43399356,11.21578416,10.83354058,8.725335523,12.79793544,13.91104698,11.08399528,14.50121785,14.14748368,9.30502354,2.8,2.2
35.05812283,34.04426086,34.3837743,35.7416091,35.14077083,33.03039889,33.36991233,34.72774713,34.12690886,33.70942577,35.06726057,34.4664223,36.42509536,35.82425709,35.22341882,12.65547611,11.5208501,11.10222222,10.54736907,12.83111027,9.985468426,12.92268519,10.43607655,10.66675368,12.57585592,13.83056663,10.04288076,11.79834425,14.16642932,9.273978566,2.8,2.2
36.09949393,35.66946243,36.40191659,35.41522959,34.50495448,35.23943093,35.97188509,34.98519809,34.07492298,36.70433925,35.71765225,34.80737714,34.73096525,33.82069014,32.91041503,14.39999416,12.34129989,9.401464652,14.15988945,10.65730189,10.48242955,13.16479467,13.80427317,9.73211208,14.60370709,11.22626371,8.986603877,10.75114046,12.75402814,9.806411667,2.8,2.2
39.86172681,37.81126315,34.70537092,39.39255424,35.18872179,35.76079948,32.65490725,37.34209058,33.13825812,29.54901502,34.23619835,30.03236589,38.92338167,34.71954922,30.51571676,13.48472048,14.04107267,11.95261739,11.4536116,14.76979758,9.317933783,10.73739508,10.82588673,8.993214642,13.96212323,12.92849326,11.79253356,10.45527075,11.32833161,9.532713893,2.8,2.2
35.7299195,37.07261255,35.67403034,35.6467212,37.57808828,38.41530561,37.0167234,36.98941425,38.92078134,35.61814118,35.59083204,37.52219913,35.5635229,37.49488999,39.42625707,11.91335664,12.43442315,11.46124341,13.94052141,14.90515119,9.132460907,13.61316736,11.01584137,11.06884582,12.72191999,11.61751853,11.36032081,13.97541218,14.06046057,11.09265858,2.8,2.2
32.37771999,35.52411845,32.244945,32.2774582,31.35267682,38.67051691,35.39134346,35.42385666,34.49907528,32.11217,32.14468321,31.21990182,32.17719642,31.25241503,30.32763364,13.23066059,10.43788581,9.242172083,13.16487947,14.71881701,10.47381086,12.90723596,10.43226918,9.373974132,12.32355189,12.23961022,8.206776358,11.80293037,11.21033309,8.228151859,2.8,2.2
